cluster,likes_per_views,retweets_per_views,replies_per_views
0,0.03393015859747872,0.014299019135311739,0.008308421315458033
1,0.005840208006954908,0.0010451720648696273,0.0009089631631490681
2,0.010257028850959901,0.0018066645784868237,0.003618521812982962
3,0.017618719556503543,0.0046932688413672515,0.0012959329441832768
